{"stats":{"minecraft:custom":{"minecraft:jump":13,"minecraft:time_since_rest":12090,"minecraft:leave_game":1,"minecraft:crouch_one_cm":159,"minecraft:sprint_one_cm":2641,"minecraft:play_time":12090,"minecraft:time_since_death":12090,"minecraft:walk_one_cm":15733,"minecraft:sneak_time":205,"minecraft:total_world_time":12214,"minecraft:fly_one_cm":51168},"minecraft:used":{"minecraft:smooth_stone_slab":47,"minecraft:spruce_planks":41,"minecraft:stone":14,"minecraft:cobblestone":14,"minecraft:cobblestone_stairs":75,"minecraft:spruce_log":36,"minecraft:smooth_stone":79}},"DataVersion":3465}